title,address,link
City Center Alexandria,"Cairo Alex Desert Rd, Qetaa at Tarik as Sahrawi, Amreya 1, Alexandria Governorate 5258730",https://www.google.com/maps/place/City+Center+Alexandria/data=!4m7!3m6!1s0x14f5c26d673fdc49:0xd34e54a8f040c1af!8m2!3d31.1666175!4d29.933399!16s%2Fm%2F0_8pg_2!19sChIJSdw_Z23C9RQRr8FA8KhUTtM?authuser=0&hl=en&rclk=1
City Light Mall,"6XWV+G82, As Soyouf Qebli (Include Izbat Derbanah), Montaza 2, Alexandria Governorate 5515140",https://www.google.com/maps/place/City+Light+Mall/data=!4m7!3m6!1s0x14f5db4ccc47c8cb:0x15ec371841d5fa5c!8m2!3d31.2462661!4d29.9932702!16s%2Fg%2F11gxnshkzq!19sChIJy8hHzEzb9RQRXPrVQRg37BU?authuser=0&hl=en&rclk=1
Green Plaza Mall,مول، جرين بلازا,https://www.google.com/maps/place/Green+Plaza+Mall/data=!4m7!3m6!1s0x14f5c4b1d6effc7b:0x8352fda5b24b1d09!8m2!3d31.206654!4d29.9650632!16s%2Fg%2F1tftt9vv!19sChIJe_zv1rHE9RQRCR1LsqX9UoM?authuser=0&hl=en&rclk=1
سنتر أكاسيا,"6XRP+J5W, Waly String, Dana Al Gadidah WA Izbat Al Westaneyah, El Raml 2, Alexandria Governorate 5448622",https://www.google.com/maps/place/%D8%B3%D9%86%D8%AA%D8%B1+%D8%A3%D9%83%D8%A7%D8%B3%D9%8A%D8%A7%E2%80%AD/data=!4m7!3m6!1s0x14f5db307954360d:0xe794b58554ee07b3!8m2!3d31.241606!4d29.9854589!16s%2Fg%2F11rt_f07_j!19sChIJDTZUeTDb9RQRswfuVIW1lOc?authuser=0&hl=en&rclk=1
مؤسسة عباد الرحمن ماجستيك,"16-14 Dr Rashad Shafeek, Dana Al Gadidah WA Izbat Al Westaneyah, El Raml 2, Alexandria Governorate 5448660",https://www.google.com/maps/place/%D9%85%D8%A4%D8%B3%D8%B3%D8%A9+%D8%B9%D8%A8%D8%A7%D8%AF+%D8%A7%D9%84%D8%B1%D8%AD%D9%85%D9%86+%D9%85%D8%A7%D8%AC%D8%B3%D8%AA%D9%8A%D9%83%E2%80%AD/data=!4m7!3m6!1s0x14f5db422d5f1cad:0xdada545a785b3b8a!8m2!3d31.2396499!4d29.9896454!16s%2Fg%2F11r3zxcmkh!19sChIJrRxfLULb9RQRijtbeFpU2to?authuser=0&hl=en&rclk=1
Royal cafe,"72MF+25F, Al Amrawi, Qesm Al Montazah, Alexandria Governorate 5525120",https://www.google.com/maps/place/Royal+cafe/data=!4m7!3m6!1s0x14f5d08ae92ea8b5:0x3e95704a9678e8a5!8m2!3d31.2825603!4d30.02292!16s%2Fg%2F1tcy_kq2!19sChIJtagu6YrQ9RQRpeh4lkpwlT4?authuser=0&hl=en&rclk=1
Designia Mall,"5WFJ+C8P, Unnamed Road, Qetaa at Tarik as Sahrawi, Amreya 1, Alexandria Governorat",https://www.google.com/maps/place/Designia+Mall/data=!4m7!3m6!1s0x14f5c376ef653707:0xbc14cf1ce543fbf1!8m2!3d31.1735873!4d29.93084!16s%2Fg%2F11h_6x00k9!19sChIJBzdl73bD9RQR8ftD5RzPFLw?authuser=0&hl=en&rclk=1
فكهانى العمدة,"6XRP+8M4, Dana Al Gadidah WA Izbat Al Westaneyah, El Raml 2, Alexandria Governorate 5448641",https://www.google.com/maps/place/%D9%81%D9%83%D9%87%D8%A7%D9%86%D9%89+%D8%A7%D9%84%D8%B9%D9%85%D8%AF%D8%A9%E2%80%AD/data=!4m7!3m6!1s0x14f5dbe83d0e1563:0x25e5f4f4d5157b38!8m2!3d31.2407731!4d29.9867009!16s%2Fg%2F11mmdlh_37!19sChIJYxUOPejb9RQROHsV1fT05SU?authuser=0&hl=en&rclk=1
Deeb Mall,"1 Syria Street، Roushdy, 21311",https://www.google.com/maps/place/Deeb+Mall/data=!4m7!3m6!1s0x14f5c4c2965945db:0xddf2e629dcfb4d64!8m2!3d31.2280932!4d29.9516829!16s%2Fg%2F11c503pvbw!19sChIJ20VZlsLE9RQRZE373Cnm8t0?authuser=0&hl=en&rclk=1
الصفوة رسيڤر دش,"7X2J+2PC, Unnamed Road, As Soyouf Qebli (Include Izbat Derbanah), Montaza 2, Alexandria Governorat",https://www.google.com/maps/place/%D8%A7%D9%84%D8%B5%D9%81%D9%88%D8%A9+%D8%B1%D8%B3%D9%8A%DA%A4%D8%B1+%D8%AF%D8%B4%E2%80%AD/data=!4m7!3m6!1s0x14f5db3acdac1d25:0x9df1d1472dd8d3!8m2!3d31.2500563!4d29.9817528!16s%2Fg%2F11j_pjvvn1!19sChIJJR2szTrb9RQR09gtR9HxnQA?authuser=0&hl=en&rclk=1
Elmoltaka Mall,"6W9V+PP7, Izbat Saed, Qesm Sidi Gaber, Alexandria Governorate 5432069",https://www.google.com/maps/place/Elmoltaka+Mall/data=!4m7!3m6!1s0x14f5c4936be5692b:0xc1c140fdeead11d8!8m2!3d31.2192762!4d29.944282!16s%2Fg%2F1tkfwy2j!19sChIJK2nla5PE9RQR2BGt7v1AwcE?authuser=0&hl=en&rclk=1
Town Mall,"6W9R+HX9, Sidi Gabir, Sidi Gaber, Alexandria Governorate 5433011",https://www.google.com/maps/place/Town+Mall/data=!4m7!3m6!1s0x14f5c52fe40a9afb:0x8651142346cd9408!8m2!3d31.2189155!4d29.9424762!16s%2Fg%2F11qntlzb6w!19sChIJ-5oK5C_F9RQRCJTNRiMUUYY?authuser=0&hl=en&rclk=1
أوفر لك لمواد التعبئة والتغليف,"57 Bort Said, Dana Al Gadidah WA Izbat Al Westaneyah, El Raml 2, Alexandria Governorate 5448617",https://www.google.com/maps/place/%D8%A3%D9%88%D9%81%D8%B1+%D9%84%D9%83+%D9%84%D9%85%D9%88%D8%A7%D8%AF+%D8%A7%D9%84%D8%AA%D8%B9%D8%A8%D8%A6%D8%A9+%D9%88%D8%A7%D9%84%D8%AA%D8%BA%D9%84%D9%8A%D9%81%E2%80%AD/data=!4m7!3m6!1s0x14f5dbf22adf4989:0xb1f81acb81aa5670!8m2!3d31.2405136!4d29.9855778!16s%2Fg%2F11qmrcjdbd!19sChIJiUnfKvLb9RQRcFaqgcsa-LE?authuser=0&hl=en&rclk=1
The Walk,"166 El-Gaish Rd, Sidi Gaber, Alexandria Governorate 21523",https://www.google.com/maps/place/The+Walk/data=!4m7!3m6!1s0x14f5c56dcc8e9c79:0x1c68151290a30c93!8m2!3d31.2299858!4d29.9379838!16s%2Fg%2F11sr7d71xy!19sChIJeZyOzG3F9RQRkwyjkBIVaBw?authuser=0&hl=en&rclk=1
Mega Florence Mall,"72HF+99R, Branched from Al Malek, Al Amrawi, Montaza 2, Alexandria Governorate 5525018",https://www.google.com/maps/place/Mega+Florence+Mall/data=!4m7!3m6!1s0x14f5d0897e4399e7:0xc6decbd39e1a7263!8m2!3d31.2784932!4d30.0233793!16s%2Fg%2F11c5xff0bs!19sChIJ55lDfonQ9RQRY3IantPL3sY?authuser=0&hl=en&rclk=1
Matajer Mall,"Ezbet Saad, Sidi Gaber, Alexandria Governorate 5432015",https://www.google.com/maps/place/Matajer+Mall/data=!4m7!3m6!1s0x14f5c58b6c3c2bd7:0xedc002da3ce7783c!8m2!3d31.2116666!4d29.9394996!16s%2Fg%2F11h_ws8cq6!19sChIJ1ys8bIvF9RQRPHjnPNoCwO0?authuser=0&hl=en&rclk=1
Orouba Mall,"Borg El-Arab Airport - North Coast Rd, ADH Dheraa Al Bahri, Borg El Arab, Alexandria Governorate 5217464",https://www.google.com/maps/place/Orouba+Mall/data=!4m7!3m6!1s0x14f58fb288dcd48b:0xa4aab6fdb289c7ba!8m2!3d31.0065161!4d29.6369565!16s%2Fg%2F11b5pm1m89!19sChIJi9TciLKP9RQRuseJsv22qqQ?authuser=0&hl=en&rclk=1
San Stefano Grand Plaza,"El-Gaish Rd, San Stefano, El Raml 2, Alexandria Governorate 5452053",https://www.google.com/maps/place/San+Stefano+Grand+Plaza/data=!4m7!3m6!1s0x14f5c52fadf4220f:0x7d08dceaad4557bd!8m2!3d31.2454887!4d29.9675784!16s%2Fg%2F11bc5z66n_!19sChIJDyL0rS_F9RQRvVdFrercCH0?authuser=0&hl=en&rclk=1
جواهرجي عبد السلام الصايغ,"368-360 Abd El-Salam Aref, As Soyouf Bahri, Montaza 2, Alexandria Governorate 5517010",https://www.google.com/maps/place/%D8%AC%D9%88%D8%A7%D9%87%D8%B1%D8%AC%D9%8A+%D8%B9%D8%A8%D8%AF+%D8%A7%D9%84%D8%B3%D9%84%D8%A7%D9%85+%D8%A7%D9%84%D8%B5%D8%A7%D9%8A%D8%BA%E2%80%AD/data=!4m7!3m6!1s0x14f5dbff9541402f:0xaf68cdef93e8efe0!8m2!3d31.250094!4d29.9799692!16s%2Fg%2F11j9j86n8b!19sChIJL0BBlf_b9RQR4O_ok-_NaK8?authuser=0&hl=en&rclk=1
G Mall - Green Towers,"Ezbet El-Nozha, Sidi Gaber, Alexandria Governorate 21646",https://www.google.com/maps/place/G+Mall+-+Green+Towers/data=!4m7!3m6!1s0x14f5c534108a22bf:0xf7f5ca0d62edfdcb!8m2!3d31.2030857!4d29.9641307!16s%2Fg%2F11sqclkkwc!19sChIJvyKKEDTF9RQRy_3tYg3K9fc?authuser=0&hl=en&rclk=1
Green Plaza,"6X38+VQC، مول جرين بلازا، سموحه، Sidi Gaber, Alexandria Governorat",https://www.google.com/maps/place/Green+Plaza/data=!4m7!3m6!1s0x14f5c4ae1b41d4d9:0x6fdb3aeafd4d2fe9!8m2!3d31.2046785!4d29.96688!16s%2Fg%2F11c533p3rr!19sChIJ2dRBG67E9RQR6S9N_eo6228?authuser=0&hl=en&rclk=1
Zahran Mall Smouha,"٣١، Victor Amanoiel Square, Alexandria Governorat",https://www.google.com/maps/place/Zahran+Mall+Smouha/data=!4m7!3m6!1s0x14f5c4970efb73e7:0x2383ede59be2bc5!8m2!3d31.211799!4d29.9472925!16s%2Fg%2F122xf13f!19sChIJ53P7DpfE9RQRxSu-Wd4-OAI?authuser=0&hl=en&rclk=1
محلات الفرنساوي لهياكل السيارات,"6 El-Taqwa Mosque, Dana Al Gadidah WA Izbat Al Westaneyah, El Raml 2, Alexandria Governorate 5448204",https://www.google.com/maps/place/%D9%85%D8%AD%D9%84%D8%A7%D8%AA+%D8%A7%D9%84%D9%81%D8%B1%D9%86%D8%B3%D8%A7%D9%88%D9%8A+%D9%84%D9%87%D9%8A%D8%A7%D9%83%D9%84+%D8%A7%D9%84%D8%B3%D9%8A%D8%A7%D8%B1%D8%A7%D8%AA%E2%80%AD/data=!4m7!3m6!1s0x14f5db6c41a7a439:0x6178d979f29f3a28!8m2!3d31.2302565!4d29.9767184!16s%2Fg%2F11jn1yg91h!19sChIJOaSnQWzb9RQRKDqf8nnZeGE?authuser=0&hl=en&rclk=1
Wardian Mall,"70 elbaihaqy street, Al Wardiyan Sharq, Port al-Basal, Alexandria Governorate 21111",https://www.google.com/maps/place/Wardian+Mall/data=!4m7!3m6!1s0x14f5c11840d1d287:0x45dd1699704cc8bf!8m2!3d31.1664545!4d29.8687602!16s%2Fg%2F11n6w14tnl!19sChIJh9LRQBjB9RQRv8hMcJkW3UU?authuser=0&hl=en&rclk=1
Rainbow Shoes Store,"Dana Al Gadidah WA Izbat Al Westaneyah, Montaza 1, Alexandria Governorate 21500",https://www.google.com/maps/place/Rainbow+Shoes+Store/data=!4m7!3m6!1s0x14f5db46ce9c4917:0x630cca051af55d67!8m2!3d31.2387601!4d29.992613!16s%2Fg%2F11q2r3tk85!19sChIJF0mczkbb9RQRZ131GgXKDGM?authuser=0&hl=en&rclk=1
Elwatania mall,"26 Shaarawy, San Stefano, El Raml 2, Alexandria Governorate 5451107",https://www.google.com/maps/place/Elwatania+mall/data=!4m7!3m6!1s0x14f5c5d67aefd4b7:0xf2b4ab94d29f76a3!8m2!3d31.247802!4d29.9733517!16s%2Fg%2F11mvvhwx4m!19sChIJt9TvetbF9RQRo3af0pSrtPI?authuser=0&hl=en&rclk=1
1924 Mall,"Mahta Al Raml Sq., Al Mesallah Sharq, Al Attarin, Alexandria Governorate 5373010",https://www.google.com/maps/place/1924+Mall/data=!4m7!3m6!1s0x14f5c3f31fd9f4a7:0xd0ac64d0ccbb5b94!8m2!3d31.2029259!4d29.9030832!16s%2Fg%2F11gyxlp461!19sChIJp_TZH_PD9RQRlFu7zNBkrNA?authuser=0&hl=en&rclk=1
Majestic Mall,"5 Mohammed Ahmed El-Tayeb, Al Mansheyah Al Kubra, Mansheya, Alexandria Governorate 5361022",https://www.google.com/maps/place/Majestic+Mall/data=!4m7!3m6!1s0x14f5c3ef59f39b6d:0x37e730d7947f1155!8m2!3d31.1982819!4d29.893426!16s%2Fg%2F11cmwwrkb0!19sChIJbZvzWe_D9RQRVRF_lNcw5zc?authuser=0&hl=en&rclk=1
ams number one,"6XW9+RV4, سان ستفانو،، قسم الرمل،،, El Raml 1, Alexandria Governorat",https://www.google.com/maps/place/ams+number+one/data=!4m7!3m6!1s0x14f5c54108405349:0xc150d5342d9565e!8m2!3d31.247011!4d29.9697173!16s%2Fg%2F11jj45k19y!19sChIJSVNACEHF9RQRXlbZQlMNFQw?authuser=0&hl=en&rclk=1
مركز المهندس لتجهيز السوبر ماركت,"44 Ali Ibn Abi Talib, As Soyouf Qebli (Include Izbat Derbanah), Montaza 2, Alexandria Governorate 5515277",https://www.google.com/maps/place/%D9%85%D8%B1%D9%83%D8%B2+%D8%A7%D9%84%D9%85%D9%87%D9%86%D8%AF%D8%B3+%D9%84%D8%AA%D8%AC%D9%87%D9%8A%D8%B2+%D8%A7%D9%84%D8%B3%D9%88%D8%A8%D8%B1+%D9%85%D8%A7%D8%B1%D9%83%D8%AA%E2%80%AD/data=!4m7!3m6!1s0x14f5dbb79d212ba7:0x404e452293c0b55d!8m2!3d31.2440222!4d29.9990962!16s%2Fg%2F11jrcpkgh3!19sChIJpyshnbfb9RQRXbXAkyJFTkA?authuser=0&hl=en&rclk=1
مركز تلوين جي ال سي GLC القليوبي _ باكوس,"6XGF+GXR, باكوس, شارع محطة السوق، Alexandria Governorat",https://www.google.com/maps/place/%D9%85%D8%B1%D9%83%D8%B2+%D8%AA%D9%84%D9%88%D9%8A%D9%86+%D8%AC%D9%8A+%D8%A7%D9%84+%D8%B3%D9%8A+GLC+%D8%A7%D9%84%D9%82%D9%84%D9%8A%D9%88%D8%A8%D9%8A+_+%D8%A8%D8%A7%D9%83%D9%88%D8%B3%E2%80%AD/data=!4m7!3m6!1s0x14f5db79ed837e25:0xc109526ca87adafa!8m2!3d31.2263612!4d29.974905!16s%2Fg%2F11jlj8kbhd!19sChIJJX6D7Xnb9RQR-tp6qGxSCcE?authuser=0&hl=en&rclk=1
Carrefour,"6XWV+7Q9، أمين حسونة، As Soyouf Qebli (Include Izbat Derbanah), Montaza 2, Alexandria Governorate 5515140",https://www.google.com/maps/place/Carrefour/data=!4m7!3m6!1s0x14f5dac15e1c4361:0x58283ec3154e4013!8m2!3d31.2456587!4d29.994489!16s%2Fg%2F11b7q2x3x9!19sChIJYUMcXsHa9RQRE0BOFcM-KFg?authuser=0&hl=en&rclk=1
Elkaharah Elokari,"6XXC+5XJ, San Stefano, Qesm AR Ramel, Alexandria Governorate 5451108",https://www.google.com/maps/place/Elkaharah+Elokari/data=!4m7!3m6!1s0x14f5c5331f293d23:0xa3319cc4aecc1fec!8m2!3d31.2479687!4d29.9724048!16s%2Fg%2F1td2q9xt!19sChIJIz0pHzPF9RQR7B_MrsScMaM?authuser=0&hl=en&rclk=1
ديما ستور,"5 Momtaz Basha, As Soyouf Qebli (Include Izbat Derbanah), Montaza 2, Alexandria Governorate 5516002",https://www.google.com/maps/place/%D8%AF%D9%8A%D9%85%D8%A7+%D8%B3%D8%AA%D9%88%D8%B1%E2%80%AD/data=!4m7!3m6!1s0x14f5dbfb03450415:0x8b32fcc285c8608b!8m2!3d31.2441125!4d29.9838594!16s%2Fg%2F11m1zw7xsn!19sChIJFQRFA_vb9RQRi2DIhcL8Mos?authuser=0&hl=en&rclk=1
Cozy house,"6XVF+C7X, Al Qasaei Bahri, El Raml 2, Alexandria Governorate 5450382",https://www.google.com/maps/place/Cozy+house/data=!4m7!3m6!1s0x14f5c5f8cb0a53bb:0x6031ba957cce0350!8m2!3d31.243512!4d29.9732418!16s%2Fg%2F11p_1h_vg1!19sChIJu1MKy_jF9RQRUAPOfJW6MWA?authuser=0&hl=en&rclk=1
البطل,43 الاستوديو، دنا الجديدة وعزبة الوسطان، قسم الرمل، الإسكندرية،,https://www.google.com/maps/place/%D8%A7%D9%84%D8%A8%D8%B7%D9%84%E2%80%AD/data=!4m7!3m6!1s0x14f5db3d7fed9845:0x1e32aecae82de014!8m2!3d31.2378526!4d29.986233!16s%2Fg%2F11lptdt8_c!19sChIJRZjtfz3b9RQRFOAt6MquMh4?authuser=0&hl=en&rclk=1
فكهانى العمده El Omda for frutes,"6XRP+8M4, Dana Al Gadidah WA Izbat Al Westaneyah, El Raml 2, Alexandria Governorate 5448641",https://www.google.com/maps/place/%D9%81%D9%83%D9%87%D8%A7%D9%86%D9%89+%D8%A7%D9%84%D8%B9%D9%85%D8%AF%D9%87+El+Omda+for+frutes%E2%80%AD/data=!4m7!3m6!1s0x14f5db1e7e15db2d:0x939b49f8241887f5!8m2!3d31.2407688!4d29.9867011!16s%2Fg%2F11l86ws3pm!19sChIJLdsVfh7b9RQR9YcYJPhJm5M?authuser=0&hl=en&rclk=1
Alex City Mall1,"El Eman St, Al Agamy Al Bahri, Dekhela, Alexandria Governorate 5313601",https://www.google.com/maps/place/Alex+City+Mall1/data=!4m7!3m6!1s0x14f594c73aed5c39:0x7228209dff87df15!8m2!3d31.099927!4d29.772375!16s%2Fg%2F11bwgk3x7b!19sChIJOVztOseU9RQRFd-H_50gKHI?authuser=0&hl=en&rclk=1
Nail shop,"6XW9+52W, San Stefano, El Raml 1, Alexandria Governorate 5452053",https://www.google.com/maps/place/Nail+shop/data=!4m7!3m6!1s0x14f5c5349e17d29f:0x709310887829578b!8m2!3d31.2454887!4d29.9675784!16s%2Fg%2F11k0klb71n!19sChIJn9IXnjTF9RQRi1cpeIgQk3A?authuser=0&hl=en&rclk=1
Americana Plaza,"6W29+2FQ, Bab Sharqi WA Wabour Al Meyah, Bab Sharqi, Alexandria Governorate 5422015",https://www.google.com/maps/place/Americana+Plaza/data=!4m7!3m6!1s0x14f5c37df53ca7fb:0x719e04db6b1f2439!8m2!3d31.2000924!4d29.9187387!16s%2Fg%2F11lgslvgl3!19sChIJ-6c89X3D9RQROSQfa9sEnnE?authuser=0&hl=en&rclk=1
Alexa Tower,"59 شارع صفية زغلول،, Al Mesallah Sharq, Al Attarin, Alexandria Governorat",https://www.google.com/maps/place/Alexa+Tower/data=!4m7!3m6!1s0x14f5c39e7e169fe3:0xb65c569e8a9f590!8m2!3d31.1995432!4d29.9017569!16s%2Fg%2F11h9424c1w!19sChIJ458Wfp7D9RQRkPWp6GnFZQs?authuser=0&hl=en&rclk=1
Carpet City Mall,24بيلوزلاجيتيه الإبراهيمية ، قسم باب شرقي،، Alexandria Governorat,https://www.google.com/maps/place/Carpet+City+Mall/data=!4m7!3m6!1s0x14f5c47d42cf9ecd:0x47bb431c82c9c180!8m2!3d31.2136843!4d29.9270291!16s%2Fg%2F1vx7bw51!19sChIJzZ7PQn3E9RQRgMHJghxDu0c?authuser=0&hl=en&rclk=1
Carrefour,"17 Ibn Al Nadim, Abu an Nawatir, El Raml 1, Alexandria Governorate 21531",https://www.google.com/maps/place/Carrefour/data=!4m7!3m6!1s0x14f5c5141e96ac77:0x7c6678fcce30ef14!8m2!3d31.2292055!4d29.9567577!16s%2Fg%2F11j_x192cs!19sChIJd6yWHhTF9RQRFO8wzvx4Znw?authuser=0&hl=en&rclk=1
مول المدار Almadar Mall,7224+6MW، سيدي بشر قبلي،، قسم ثان المنتزة،، Alexandria Governorate 5516401,https://www.google.com/maps/place/%D9%85%D9%88%D9%84+%D8%A7%D9%84%D9%85%D8%AF%D8%A7%D8%B1+Almadar+Mall%E2%80%AD/data=!4m7!3m6!1s0x14f5db421698374f:0xba3b89ab278649a3!8m2!3d31.250619!4d30.0067109!16s%2Fg%2F11n0gppp65!19sChIJTzeYFkLb9RQRo0mGJ6uJO7o?authuser=0&hl=en&rclk=1
Nour Stores (Mostafa Kamel ),"٢٤ احمد شوقي - عمارات الضباط عمارات الضباط - مصطفي كامل, Sidi Gaber, Alexandria Governorat",https://www.google.com/maps/place/Nour+Stores+(Mostafa+Kamel+)/data=!4m7!3m6!1s0x14f5c4906a18d903:0x40b15f79a4c072a8!8m2!3d31.2268548!4d29.9480389!16s%2Fg%2F11f3s08445!19sChIJA9kYapDE9RQRqHLApHlfsUA?authuser=0&hl=en&rclk=1
MENA FLORENCE,"3 Al Farek Ismail Srhank, San Stefano, El Raml 1, Alexandria Governorate 5451112",https://www.google.com/maps/place/MENA+FLORENCE/data=!4m7!3m6!1s0x14f5dacd1f0386e5:0xe1a92c467c344f0c!8m2!3d31.2466002!4d29.9756577!16s%2Fg%2F11c6w162_c!19sChIJ5YYDH83a9RQRDE80fEYsqeE?authuser=0&hl=en&rclk=1
Bazari,"39 Ibn Okil, Al Qasaei Qebli, El Raml 2, Alexandria Governorate 5447448",https://www.google.com/maps/place/Bazari/data=!4m7!3m6!1s0x14f5db5908c974e1:0xfa898c3a17352fd6!8m2!3d31.2450726!4d29.9815651!16s%2Fg%2F11qh72092y!19sChIJ4XTJCFnb9RQR1i81FzqMifo?authuser=0&hl=en&rclk=1
المنتجات المدنية لمصانع الانتاج الحربي,"27 شارع احمد شوقي،, Mustafa Kamel WA Bolkli, Sidi Gaber, Alexandria Governorate 5434042",https://www.google.com/maps/place/%D8%A7%D9%84%D9%85%D9%86%D8%AA%D8%AC%D8%A7%D8%AA+%D8%A7%D9%84%D9%85%D8%AF%D9%86%D9%8A%D8%A9+%D9%84%D9%85%D8%B5%D8%A7%D9%86%D8%B9+%D8%A7%D9%84%D8%A7%D9%86%D8%AA%D8%A7%D8%AC+%D8%A7%D9%84%D8%AD%D8%B1%D8%A8%D9%8A%E2%80%AD/data=!4m7!3m6!1s0x14f5c5b8c6e6ede7:0x893eb8e411416cf5!8m2!3d31.2263683!4d29.9472442!16s%2Fg%2F11r5k7m2mt!19sChIJ5-3mxrjF9RQR9WxBEeS4Pok?authuser=0&hl=en&rclk=1
Tio,"Victor Emanouil Al Thaleth, Ezbet Saad, Sidi Gaber, Alexandria Governorate 21648",https://www.google.com/maps/place/Tio/data=!4m7!3m6!1s0x14f5c5c81906e6c5:0xed3cc7064b91276d!8m2!3d31.2205968!4d29.9478143!16s%2Fg%2F11sqk7xtdy!19sChIJxeYGGcjF9RQRbSeRSwbHPO0?authuser=0&hl=en&rclk=1
Mohamed ahmed abdelsalam,"6XRW+3HC, بدر، السيوف قبلي (تشمل عزبة درباÙ، قسم المنتزه، الإسكندرية،،, As Soyouf Qebli (Include Izbat Derbanah), Montaza 1, Alexandria Governorat",https://www.google.com/maps/place/Mohamed+ahmed+abdelsalam/data=!4m7!3m6!1s0x14f5db3319443ff3:0x7d13dbbf29d6f4b3!8m2!3d31.2401894!4d29.9963989!16s%2Fg%2F11kkx5jj5n!19sChIJ8z9EGTPb9RQRs_TWKb_bE30?authuser=0&hl=en&rclk=1
مول الشرقاوي,"24 Bort Said, Dana Al Gadidah WA Izbat Al Westaneyah, El Raml 2, Alexandria Governorate 5448620",https://www.google.com/maps/place/%D9%85%D9%88%D9%84+%D8%A7%D9%84%D8%B4%D8%B1%D9%82%D8%A7%D9%88%D9%8A%E2%80%AD/data=!4m7!3m6!1s0x14f5db9902565747:0x92c97555e186e230!8m2!3d31.2405012!4d29.9834073!16s%2Fg%2F11g044r3d4!19sChIJR1dWApnb9RQRMOKG4VV1yZI?authuser=0&hl=en&rclk=1
National Mall Salah al-Din,"5VRX+3F2, العطارين-شارع صلاح الدين-مول, حارة الوطنية، Alexandria Governorat",https://www.google.com/maps/place/National+Mall+Salah+al-Din/data=!4m7!3m6!1s0x14f5c3c21c4738b7:0x55874298ee8cfeb9!8m2!3d31.1901431!4d29.8986306!16s%2Fg%2F11c6_gwbty!19sChIJtzhHHMLD9RQRuf6M7phCh1U?authuser=0&hl=en&rclk=1
El Toka,"6XQP+4VJ, Dana Al Gadidah WA Izbat Al Westaneyah, Qesm AR Ramel, Alexandria Governorate 5448551",https://www.google.com/maps/place/El+Toka/data=!4m7!3m6!1s0x14f5dada425d99b3:0xbc0b7df4a9ef482f!8m2!3d31.2378252!4d29.9871286!16s%2Fg%2F1tfnk51w!19sChIJs5ldQtra9RQRL0jvqfR9C7w?authuser=0&hl=en&rclk=1
المنتزه مول,"72J7+7RG، Infront of Montazah royal gradens gate، Branched from Malk Hafni, Al Mandarah، Bahry,Al Montazah، Alexandria Governorat",https://www.google.com/maps/place/%D8%A7%D9%84%D9%85%D9%86%D8%AA%D8%B2%D9%87+%D9%85%D9%88%D9%84%E2%80%AD/data=!4m7!3m6!1s0x14f5d063ff3eec33:0xd91e7190fce64269!8m2!3d31.2806875!4d30.0145816!16s%2Fg%2F11c52_g93k!19sChIJM-w-_2PQ9RQRaULm_JBxHtk?authuser=0&hl=en&rclk=1
سمارت فيجن للتنمية - مصنع 24,"قطاع النهضة، أول العامرية، الإسكندرية،،, Qetaa an Nahdah, Amreya 1, Alexandria Governorat",https://www.google.com/maps/place/%D8%B3%D9%85%D8%A7%D8%B1%D8%AA+%D9%81%D9%8A%D8%AC%D9%86+%D9%84%D9%84%D8%AA%D9%86%D9%85%D9%8A%D8%A9+-+%D9%85%D8%B5%D9%86%D8%B9+24%E2%80%AD/data=!4m7!3m6!1s0x14f5eda6b975a6bf:0xdb054911c765aacc!8m2!3d31.013716!4d29.8457566!16s%2Fg%2F11lgkvxv90!19sChIJv6Z1uabt9RQRzKplxxFJBds?authuser=0&hl=en&rclk=1
شركة التوفيق للتجارة,"6XQG+H86, Al Qasaei Bahri, El Raml 2, Alexandria Governorate 5450352",https://www.google.com/maps/place/%D8%B4%D8%B1%D9%83%D8%A9+%D8%A7%D9%84%D8%AA%D9%88%D9%81%D9%8A%D9%82+%D9%84%D9%84%D8%AA%D8%AC%D8%A7%D8%B1%D8%A9%E2%80%AD/data=!4m7!3m6!1s0x14f5db4615ce929d:0xbb38b8b3c54b8c0d!8m2!3d31.2389177!4d29.9757775!16s%2Fg%2F11gy83scyf!19sChIJnZLOFUbb9RQRDYxLxbO4OLs?authuser=0&hl=en&rclk=1
2M For Accessories,"6XRP+Q8C، السيوف قبلي (تشمل عزبة درباÙ، قسم المنتزه،، Montaza 1, Alexandria Governorat",https://www.google.com/maps/place/2M+For+Accessories/data=!4m7!3m6!1s0x14f5dac55679b7f1:0xf40f5f0ebf68926!8m2!3d31.2419457!4d29.985757!16s%2Fg%2F11hd9ncml1!19sChIJ8bd5VsXa9RQRJon26_D1QA8?authuser=0&hl=en&rclk=1
SILVER SHOPPING,"684 Gamal Abd El-Nasir Rd, San Stefano, قسم ثان الرمل،، Alexandria Governorate 5451106",https://www.google.com/maps/place/SILVER+SHOPPING/data=!4m7!3m6!1s0x14f5db8ccf0d86f3:0xa23ad0b4f22f5fe3!8m2!3d31.2457326!4d29.974128!16s%2Fg%2F11rkg8ghqp!19sChIJ84YNz4zb9RQR418v8rTQOqI?authuser=0&hl=en&rclk=1
grand mall,"5XH9+WQ4، الطريق الدائري، قطاع النهضة، قسم العامرية،، Sidi Gaber, Alexandria Governorat",https://www.google.com/maps/place/grand+mall/data=!4m7!3m6!1s0x14f5c3537096493b:0xae531991581bfad1!8m2!3d31.1797621!4d29.9694656!16s%2Fg%2F11gxdsc4g4!19sChIJO0mWcFPD9RQR0fobWJEZU64?authuser=0&hl=en&rclk=1
Shark,"Carrefour citylight, As Soyouf Qebli (Include Izbat Derbanah), Montaza 1, Alexandria Governorate 5515140",https://www.google.com/maps/place/Shark/data=!4m7!3m6!1s0x14f5dbfa3743b9ef:0xc06b9888af1a1c9!8m2!3d31.2463469!4d29.9935716!16s%2Fg%2F11ht8smspx!19sChIJ77lDN_rb9RQRyaHxioi5Bgw?authuser=0&hl=en&rclk=1
GAMAL Accessories & More,"482 Alhorya Ave , Bolkly, Alexandria Governorat",https://www.google.com/maps/place/GAMAL+Accessories+%26+More/data=!4m7!3m6!1s0x14f5c579782a7f61:0x737f45525bd83e70!8m2!3d31.2308756!4d29.9551272!16s%2Fg%2F11j6z9b68f!19sChIJYX8qeHnF9RQRcD7YW1JFf3M?authuser=0&hl=en&rclk=1
Bedste ØKO sted,"53 Mohammed Dali, Al Ibrahimeyah Bahri WA Sidi Gaber, Bab Sharqi, Alexandria Governorate 5424053",https://www.google.com/maps/place/Bedste+%C3%98KO+sted/data=!4m7!3m6!1s0x14f5c5e298604f73:0x5ac5b88a7da98352!8m2!3d31.2139481!4d29.923862!16s%2Fg%2F11fspz846l!19sChIJc09gmOLF9RQRUoOpfYq4xVo?authuser=0&hl=en&rclk=1
Studio mbc,"13 Gamela Abou Hred, السيوف قبلي (تشمل عزبة درباÙ،، قسم ثان المنتزة،، Alexandria Governorate 5448622",https://www.google.com/maps/place/Studio+mbc/data=!4m7!3m6!1s0x14f5db01e96a8f25:0xb9313db75cb3d672!8m2!3d31.2414638!4d29.9855874!16s%2Fg%2F11m1gqcqz1!19sChIJJY9q6QHb9RQRctazXLc9Mbk?authuser=0&hl=en&rclk=1
Misr Mall,"6W22+253, ش شكور،, Mahta Al Raml Sq., Al Mesallah Sharq, Al Attarin, Alexandria Governorat",https://www.google.com/maps/place/Misr+Mall/data=!4m7!3m6!1s0x14f5c3ac13efd365:0xfad87655a49dffa1!8m2!3d31.2000205!4d29.9004365!16s%2Fg%2F11nfzwn7v2!19sChIJZdPvE6zD9RQRof-dpFV22Po?authuser=0&hl=en&rclk=1
Mini SouQ,"Ezbet Saad, Sidi Gaber, Alexandria Governorate 5432092",https://www.google.com/maps/place/Mini+SouQ/data=!4m7!3m6!1s0x14f5c59567957ef9:0x7e40f2b97594751a!8m2!3d31.2164482!4d29.9617378!16s%2Fg%2F11k07ps_xr!19sChIJ-X6VZ5XF9RQRGnWUdbnyQH4?authuser=0&hl=en&rclk=1
زهران سيتى مول,"قسم سيدى جابر, 31 Victor Emanouil Al Thaleth, Ezbet Saad, Sidi Gaber, Alexandria Governorate 5432063",https://www.google.com/maps/place/%D8%B2%D9%87%D8%B1%D8%A7%D9%86+%D8%B3%D9%8A%D8%AA%D9%89+%D9%85%D9%88%D9%84%E2%80%AD/data=!4m7!3m6!1s0x14f5c49402f9e021:0x58a47ff3dc6ffc0d!8m2!3d31.2156141!4d29.9456028!16s%2Fg%2F11fr3lgplj!19sChIJIeD5ApTE9RQRDfxv3PN_pFg?authuser=0&hl=en&rclk=1
Mall Top,"8 Gouda, Ras at Tin, Qesm Al Gomrok, Alexandria Governorate 5321301",https://www.google.com/maps/place/Mall+Top/data=!4m7!3m6!1s0x14f5c15955fe75fd:0xf35d1c693b2ec837!8m2!3d31.2024056!4d29.8757724!16s%2Fg%2F11c5s_8294!19sChIJ_XX-VVnB9RQRN8guO2kcXfM?authuser=0&hl=en&rclk=1
Salem Mall,72 حسين باشا عاصم، المزار، قسم الجمرك، الإسكندرية،,https://www.google.com/maps/place/Salem+Mall/data=!4m7!3m6!1s0x14f5c3ea6bc43621:0x160aba7ec0899ad!8m2!3d31.2038528!4d29.8847359!16s%2Fg%2F11jmxvx63z!19sChIJITbEa-rD9RQRrZkI7KerYAE?authuser=0&hl=en&rclk=1
El Lotus Gardens Compound,"13 Elnasr Street Compound Ellotus Gardens, جرين بلازا، Alexandria Governorate 21500",https://www.google.com/maps/place/El+Lotus+Gardens+Compound/data=!4m7!3m6!1s0x14f5c5d0d57e766f:0x78fdbd1628fd88f3!8m2!3d31.2132578!4d29.9676202!16s%2Fg%2F11t4dxp_h8!19sChIJb3Z-1dDF9RQR84j9KBa9_Xg?authuser=0&hl=en&rclk=1
بوتيك كرنفال للهدايا,47 الشهيد مصطفى شعبان، دنا الجديدة وعزبة الوسطان، قسم الرمل، الإسكندرية،,https://www.google.com/maps/place/%D8%A8%D9%88%D8%AA%D9%8A%D9%83+%D9%83%D8%B1%D9%86%D9%81%D8%A7%D9%84+%D9%84%D9%84%D9%87%D8%AF%D8%A7%D9%8A%D8%A7%E2%80%AD/data=!4m7!3m6!1s0x14f5dbddde4e798d:0xdce2bc6ebc6eb6a0!8m2!3d31.2351172!4d29.9867745!16s%2Fg%2F11fmw3f78n!19sChIJjXlO3t3b9RQRoLZuvG684tw?authuser=0&hl=en&rclk=1
سيتى سنتر الاسكندرية,"6 Cairo - Alexandria Desert Rd, Abis, El Omraniya, Alexandria Governorate 5411401",https://www.google.com/maps/place/%D8%B3%D9%8A%D8%AA%D9%89+%D8%B3%D9%86%D8%AA%D8%B1+%D8%A7%D9%84%D8%A7%D8%B3%D9%83%D9%86%D8%AF%D8%B1%D9%8A%D8%A9%E2%80%AD/data=!4m7!3m6!1s0x14f5c30a2dda5f09:0x86665456b6be07af!8m2!3d31.1782762!4d29.9303583!16s%2Fg%2F11j4sv_xtx!19sChIJCV_aLQrD9RQRrwe-tlZUZoY?authuser=0&hl=en&rclk=1
مركز ايفل لخدمة الطلبة,"6XPX+4Q8, Al Seyouf, As Soyouf Qebli (Include Izbat Derbanah), Montaza 2, Alexandria Governorate 5515202",https://www.google.com/maps/place/%D9%85%D8%B1%D9%83%D8%B2+%D8%A7%D9%8A%D9%81%D9%84+%D9%84%D8%AE%D8%AF%D9%85%D8%A9+%D8%A7%D9%84%D8%B7%D9%84%D8%A8%D8%A9%E2%80%AD/data=!4m7!3m6!1s0x14f5dbfe0966a445:0x257cbd8c7dea7c88!8m2!3d31.235284!4d29.9994679!16s%2Fg%2F11h06kp6h4!19sChIJRaRmCf7b9RQRiHzqfYy9fCU?authuser=0&hl=en&rclk=1
مكة مول,"l Aslah, المعمورة،، قسم المنتزه،، Alexandria Governorate 5528246",https://www.google.com/maps/place/%D9%85%D9%83%D8%A9+%D9%85%D9%88%D9%84%E2%80%AD/data=!4m7!3m6!1s0x14f5d1b3e84094cf:0x1d448dc668bf619a!8m2!3d31.3031988!4d30.0644068!16s%2Fg%2F11h2gp2z47!19sChIJz5RA6LPR9RQRmmG_aMaNRB0?authuser=0&hl=en&rclk=1
الصفا,4 حارة الإعتدال، السيوف قبلي (تشمل عزبة درباÙ، قسم ثان المنتزة، الإسكندرية،,https://www.google.com/maps/place/%D8%A7%D9%84%D8%B5%D9%81%D8%A7%E2%80%AD/data=!4m7!3m6!1s0x14f5db5de219d523:0x7051e4d3ffa1e114!8m2!3d31.2452519!4d30.0007496!16s%2Fg%2F11m2x6pr4k!19sChIJI9UZ4l3b9RQRFOGh_9PkUXA?authuser=0&hl=en&rclk=1
Mr.George 4all you need,"20sabet abn kora elwardia, Alexandria Governorate 21111",https://www.google.com/maps/place/Mr.George+4all+you+need/data=!4m7!3m6!1s0x14f5c12e00a617df:0x183a89a7079dfb92!8m2!3d31.1677402!4d29.8767868!16s%2Fg%2F11jbptp4qh!19sChIJ3xemAC7B9RQRkvudB6eJOhg?authuser=0&hl=en&rclk=1
الديب مول,"1 Syria, Sidi Gabir, Sidi Gaber, Alexandria Governorate 21616",https://www.google.com/maps/place/%D8%A7%D9%84%D8%AF%D9%8A%D8%A8+%D9%85%D9%88%D9%84%E2%80%AD/data=!4m7!3m6!1s0x14f5c4c297081f39:0x7c03328cf0807c83!8m2!3d31.2280327!4d29.9517791!16s%2Fg%2F11j4sw4h97!19sChIJOR8Il8LE9RQRg3yA8IwyA3w?authuser=0&hl=en&rclk=1
Ravin,"5WCJ+3F9، قطاع الطريق الصحراوي، أول العامرية،، Qetaa at Tarik as Sahrawi, Alexandria Governorat",https://www.google.com/maps/place/Ravin/data=!4m7!3m6!1s0x14f5c38d6f154fdf:0x337d333a6e13fc2f!8m2!3d31.1701648!4d29.9312365!16s%2Fg%2F11fqd7gtb3!19sChIJ308Vb43D9RQRL_wTbjozfTM?authuser=0&hl=en&rclk=1
Riviera center فرع جليم,"374 El-Gaish Rd, San Stefano, El Raml 1, Alexandria Governorate 5452033",https://www.google.com/maps/place/Riviera+center+%D9%81%D8%B1%D8%B9+%D8%AC%D9%84%D9%8A%D9%85%E2%80%AD/data=!4m7!3m6!1s0x14f5c54c8a9a19d1:0x901d1396925bfd5c!8m2!3d31.2411011!4d29.9600398!16s%2Fg%2F11lh2xk9rl!19sChIJ0RmaikzF9RQRXP1bkpYTHZA?authuser=0&hl=en&rclk=1
محل التعاون للعدد,"6XRP+5GJ، Salah el din st، Dana Al Gadidah WA Izbat Al Westaneyah, قسم ثان الرمل،، Alexandria Governorate 00115",https://www.google.com/maps/place/%D9%85%D8%AD%D9%84+%D8%A7%D9%84%D8%AA%D8%B9%D8%A7%D9%88%D9%86+%D9%84%D9%84%D8%B9%D8%AF%D8%AF%E2%80%AD/data=!4m7!3m6!1s0x14f5dbc2496fb4e3:0x2b589f13a644d304!8m2!3d31.2404705!4d29.9862666!16s%2Fg%2F11t6z50wtv!19sChIJ47RvScLb9RQRBNNEphOfWCs?authuser=0&hl=en&rclk=1
الفيباويه,"7X5P+R7G، سيدي بشر قبلي، قسم المنتزه،، Montaza 1, Alexandria Governorat",https://www.google.com/maps/place/%D8%A7%D9%84%D9%81%D9%8A%D8%A8%D8%A7%D9%88%D9%8A%D9%87%E2%80%AD/data=!4m7!3m6!1s0x14f5daba7f447c65:0x2a1dc366165735b1!8m2!3d31.2595616!4d29.985694!16s%2Fg%2F11f5bn3_0t!19sChIJZXxEf7ra9RQRsTVXFmbDHSo?authuser=0&hl=en&rclk=1
H&A Outlet,"19 Mekhael Abadeir, Fleming, El Raml 2, Alexandria Governorate 5452003",https://www.google.com/maps/place/H%26A+Outlet/data=!4m7!3m6!1s0x14f5c58d764ab221:0xb719114fa9af2a21!8m2!3d31.233162!4d29.9489609!16s%2Fg%2F11h108934_!19sChIJIbJKdo3F9RQRISqvqU8RGbc?authuser=0&hl=en&rclk=1
سنتر كيرو,6XRP+6M2، ميدان الساعة، السيوف قبلي (تشمل عزبة درباÙ، قسم ثان المنتزة، الإسكندرية،، El Raml 2,https://www.google.com/maps/place/%D8%B3%D9%86%D8%AA%D8%B1+%D9%83%D9%8A%D8%B1%D9%88%E2%80%AD/data=!4m7!3m6!1s0x14f5db2c339e5717:0x258b3f5f9f55057e!8m2!3d31.2405221!4d29.9866344!16s%2Fg%2F11frgvs7kh!19sChIJF1eeMyzb9RQRfgVVn18_iyU?authuser=0&hl=en&rclk=1
City Plaza,"41 Saad Zaghloul, Al Mesallah Gharb WA Sharif Basha, Mansheya, Alexandria Governorate 5372014",https://www.google.com/maps/place/City+Plaza/data=!4m7!3m6!1s0x14f5c3edd5869515:0x845057bd8d15ebd7!8m2!3d31.1988853!4d29.898965!16s%2Fg%2F11c57ymrsh!19sChIJFZWG1e3D9RQR1-sVjb1XUIQ?authuser=0&hl=en&rclk=1
Gomla Market - Miami / جمله ماركت - ميامي,"El-Gaish Rd, Sidi Beshr Bahri, Montaza 2, Alexandria Governorate 5526050",https://www.google.com/maps/place/Gomla+Market+-+Miami+%2F+%D8%AC%D9%85%D9%84%D9%87+%D9%85%D8%A7%D8%B1%D9%83%D8%AA+-+%D9%85%D9%8A%D8%A7%D9%85%D9%8A%E2%80%AD/data=!4m7!3m6!1s0x14f5d1b9d6a10321:0xa751767652ecc76c!8m2!3d31.2709614!4d29.9975188!16s%2Fg%2F11j6dx1scy!19sChIJIQOh1rnR9RQRbMfsUnZ2Uac?authuser=0&hl=en&rclk=1
Brands Trend,"Riyadah, Bab Sharqi WA Wabour Al Meyah, Bab Sharqi, Alexandria Governorate 5422015",https://www.google.com/maps/place/Brands+Trend/data=!4m7!3m6!1s0x14f5c32c456e33e1:0x9c64993524287e67!8m2!3d31.2000924!4d29.9187387!16s%2Fg%2F11s57x_b3r!19sChIJ4TNuRSzD9RQRZ34oJDWZZJw?authuser=0&hl=en&rclk=1
Silvers eslam mansour,١٩٣شارع مصطفي كامل باكوس، اسكندرية، Alexandria Governorate 21616,https://www.google.com/maps/place/Silvers+eslam+mansour/data=!4m7!3m6!1s0x14f5c5f2f5c64311:0x1cfe257afd6c0a27!8m2!3d31.2359671!4d29.970884!16s%2Fg%2F11hwgrnm66!19sChIJEUPG9fLF9RQRJwps_Xol_hw?authuser=0&hl=en&rclk=1
Fursa,"l- sdeek, Abis, El Raml 2, Alexandria Governorate 5440251",https://www.google.com/maps/place/Fursa/data=!4m7!3m6!1s0x14f5dbf78e38c5b3:0xbf3a414e1efde27f!8m2!3d31.2022057!4d29.9861535!16s%2Fg%2F11s5xlm4ry!19sChIJs8U4jvfb9RQRf-L9Hk5BOr8?authuser=0&hl=en&rclk=1
بي كونكت - BeConnect,"l Zamakhshri, Al Mahrousah, El Raml 2, Alexandria Governorate 5450304",https://www.google.com/maps/place/%D8%A8%D9%8A+%D9%83%D9%88%D9%86%D9%83%D8%AA+-+BeConnect%E2%80%AD/data=!4m7!3m6!1s0x14f5c5c09ce0bad9:0x84286bab260f0d67!8m2!3d31.2344188!4d29.9697079!16s%2Fg%2F11t6y6vx6h!19sChIJ2brgnMDF9RQRZw0PJqtrKIQ?authuser=0&hl=en&rclk=1
ماركت اولاد الجزار,"2 Al Seyouf, السيوف قبلي (تشمل عزبة درباÙ،، قسم ثان المنتزة،، Alexandria Governorate 5514043",https://www.google.com/maps/place/%D9%85%D8%A7%D8%B1%D9%83%D8%AA+%D8%A7%D9%88%D9%84%D8%A7%D8%AF+%D8%A7%D9%84%D8%AC%D8%B2%D8%A7%D8%B1%E2%80%AD/data=!4m7!3m6!1s0x14f5dbee3e1c6ed9:0x982c5ac2db6aa46!8m2!3d31.2300033!4d29.9997886!16s%2Fg%2F11hkb48q8_!19sChIJ2W4cPu7b9RQRRqq2LazFggk?authuser=0&hl=en&rclk=1
مصوغات و مجوهرات سحر,"6XPP+HH9, El-Shaheed Salah El-Deen Ibrahim, Dana Al Gadidah WA Izbat Al Westaneyah, El Raml 2, Alexandria Governorate 5448525",https://www.google.com/maps/place/%D9%85%D8%B5%D9%88%D8%BA%D8%A7%D8%AA+%D9%88+%D9%85%D8%AC%D9%88%D9%87%D8%B1%D8%A7%D8%AA+%D8%B3%D8%AD%D8%B1%E2%80%AD/data=!4m7!3m6!1s0x14f5dada1c4564d7:0xeb9b687372bbbe47!8m2!3d31.2364023!4d29.9864934!16s%2Fg%2F1q5bldcdx!19sChIJ12RFHNra9RQRR767cnNom-s?authuser=0&hl=en&rclk=1
مذهل هيثم سعد,"9 Salah Al Din Ibrahim, دنا الجديدة وعزبة الوسطان،، قسم الرمل،، Alexandria Governorate 5448616",https://www.google.com/maps/place/%D9%85%D8%B0%D9%87%D9%84+%D9%87%D9%8A%D8%AB%D9%85+%D8%B3%D8%B9%D8%AF%E2%80%AD/data=!4m7!3m6!1s0x14f5db60b2fb7d41:0xa17d35066aed954f!8m2!3d31.240146!4d29.986301!16s%2Fg%2F11hgn7nwv_!19sChIJQX37smDb9RQRT5XtagY1faE?authuser=0&hl=en&rclk=1
Florenza Orouba mall,"Orouba mall, Alexandria Governorat",https://www.google.com/maps/place/Florenza+Orouba+mall/data=!4m7!3m6!1s0x14f58f8597791907:0x1f32e02edb2c0c42!8m2!3d31.0058895!4d29.6379078!16s%2Fg%2F11t6jc_91f!19sChIJBxl5l4WP9RQRQgws2y7gMh8?authuser=0&hl=en&rclk=1
El Raai El Saleh,"Dana Al Gadidah WA Izbat Al Westaneyah, Qesm AR Ramel، Alexandria Governorate 5448601",https://www.google.com/maps/place/El+Raai+El+Saleh/data=!4m7!3m6!1s0x14f5dad0de1b923d:0x36ad80aa0ab8a364!8m2!3d31.238308!4d29.9830188!16s%2Fg%2F1tfn5wsc!19sChIJPZIb3tDa9RQRZKO4CqqArTY?authuser=0&hl=en&rclk=1
Catchy Store,"4 El-Shaheed Adel Mahmoud, Abu an Nawatir, Sidi Gaber, Alexandria Governorate 21523",https://www.google.com/maps/place/Catchy+Store/data=!4m7!3m6!1s0x14f5c5400008db35:0x34b285b6a2d5530!8m2!3d31.2273104!4d29.9541334!16s%2Fg%2F11t5kqkvzq!19sChIJNdsIAEDF9RQRMFUtalsoSwM?authuser=0&hl=en&rclk=1
Bonanza Store,"Mohammed Youssef Ghaly, Sidi Beshr Bahri, Montaza 2, Alexandria Governorate 5517171",https://www.google.com/maps/place/Bonanza+Store/data=!4m7!3m6!1s0x14f5db9a4cb0948f:0x148f2ed1550580cd!8m2!3d31.2609525!4d29.9896521!16s%2Fg%2F11h4nkj1z4!19sChIJj5SwTJrb9RQRzYAFVdEujxQ?authuser=0&hl=en&rclk=1
Queen make up and accessories,"El-Galaa, As Soyouf Qebli (Include Izbat Derbanah), Montaza 1, Alexandria Governorate 21919",https://www.google.com/maps/place/Queen+make+up+and+accessories/data=!4m7!3m6!1s0x14f5db5fbb86b623:0xf34ab7e91970072e!8m2!3d31.2446067!4d29.982802!16s%2Fg%2F11s3b12dp4!19sChIJI7aGu1_b9RQRLgdwGem3SvM?authuser=0&hl=en&rclk=1
معرض الامل,"6XQH+HRV، محمد نجيب، المحروسة، قسم الرمل،، El Raml 2, Alexandria Governorat",https://www.google.com/maps/place/%D9%85%D8%B9%D8%B1%D8%B6+%D8%A7%D9%84%D8%A7%D9%85%D9%84%E2%80%AD/data=!4m7!3m6!1s0x14f5db43b577e195:0x3d7f5b2418b964dd!8m2!3d31.2389802!4d29.9795346!16s%2Fg%2F11n0ys6gfp!19sChIJleF3tUPb9RQR3WS5GCRbfz0?authuser=0&hl=en&rclk=1
شركة الاسكندرية للمجمعات الاستهلاكية - فرع لوران,16 الفريق إسماعيل سرهنك، سان ستفانو، قسم الرمل، الإسكندرية،,https://www.google.com/maps/place/%D8%B4%D8%B1%D9%83%D8%A9+%D8%A7%D9%84%D8%A7%D8%B3%D9%83%D9%86%D8%AF%D8%B1%D9%8A%D8%A9+%D9%84%D9%84%D9%85%D8%AC%D9%85%D8%B9%D8%A7%D8%AA+%D8%A7%D9%84%D8%A7%D8%B3%D8%AA%D9%87%D9%84%D8%A7%D9%83%D9%8A%D8%A9+-+%D9%81%D8%B1%D8%B9+%D9%84%D9%88%D8%B1%D8%A7%D9%86%E2%80%AD/data=!4m7!3m6!1s0x14f5db229bea46a7:0x265aa49c8e1594fe!8m2!3d31.247347!4d29.9747486!16s%2Fg%2F11h6h3mkp5!19sChIJp0bqmyLb9RQR_pQVjpykWiY?authuser=0&hl=en&rclk=1
الراعى الصالح,"دنا الجديدة وعزبة الوسطان شانورع انور ابو سليمان متفرع من، Al Fanan Mohammed Othman, Alexandria Governorat",https://www.google.com/maps/place/%D8%A7%D9%84%D8%B1%D8%A7%D8%B9%D9%89+%D8%A7%D9%84%D8%B5%D8%A7%D9%84%D8%AD%E2%80%AD/data=!4m7!3m6!1s0x14f5db46d51e6569:0xbd06520893d134d!8m2!3d31.2377577!4d29.984888!16s%2Fg%2F11h93rq1nf!19sChIJaWUe1Ubb9RQRTRM9iSBl0As?authuser=0&hl=en&rclk=1
Gomla hub,"24 Mamfeis, Al Ibrahimeyah Qebli WA Al Hadrah Bahri, Bab Sharqi, Alexandria Governorate 5423054",https://www.google.com/maps/place/Gomla+hub/data=!4m7!3m6!1s0x14f5c519f9aad665:0x3d24e12c69d4af36!8m2!3d31.2115268!4d29.9227337!16s%2Fg%2F11n87lgmpl!19sChIJZdaq-RnF9RQRNq_UaSzhJD0?authuser=0&hl=en&rclk=1
المركز المصرى للاطفاء الحديث,محسن، العوايد الطريق الدائري الجديد دوران,https://www.google.com/maps/place/%D8%A7%D9%84%D9%85%D8%B1%D9%83%D8%B2+%D8%A7%D9%84%D9%85%D8%B5%D8%B1%D9%89+%D9%84%D9%84%D8%A7%D8%B7%D9%81%D8%A7%D8%A1+%D8%A7%D9%84%D8%AD%D8%AF%D9%8A%D8%AB%E2%80%AD/data=!4m7!3m6!1s0x14f5db59d5d14dd1:0xc29ea545654722a6!8m2!3d31.2241715!4d29.9998823!16s%2Fg%2F11q86jchv8!19sChIJ0U3R1Vnb9RQRpiJHZUWlnsI?authuser=0&hl=en&rclk=1
شركة الاسيوطى التجارية,"6XMM+93G, Dana Al Gadidah WA Izbat Al Westaneyah, El Raml 2, Alexandria Governorate 5448333",https://www.google.com/maps/place/%D8%B4%D8%B1%D9%83%D8%A9+%D8%A7%D9%84%D8%A7%D8%B3%D9%8A%D9%88%D8%B7%D9%89+%D8%A7%D9%84%D8%AA%D8%AC%D8%A7%D8%B1%D9%8A%D8%A9%E2%80%AD/data=!4m7!3m6!1s0x14f5db62f42160d7:0x9020b5509456da42!8m2!3d31.2334491!4d29.982701!16s%2Fg%2F11gmwp40wy!19sChIJ12Ah9GLb9RQRQtpWlFC1IJA?authuser=0&hl=en&rclk=1
طلعت الفادي,"8 El Qasem, القصعي قبلي،، قسم الرمل،، Alexandria Governorate 5447412",https://www.google.com/maps/place/%D8%B7%D9%84%D8%B9%D8%AA+%D8%A7%D9%84%D9%81%D8%A7%D8%AF%D9%8A%E2%80%AD/data=!4m7!3m6!1s0x14f5dba55ed3decd:0x87bb00695b253cb6!8m2!3d31.2409972!4d29.9807938!16s%2Fg%2F11jnx6xhnm!19sChIJzd7TXqXb9RQRtjwlW2kAu4c?authuser=0&hl=en&rclk=1
مول شاهين للموبليات Shahin Mall Furniture,139 فرنسا، التمرازية، قسم الجمرك،، Alexandria Governorat,https://www.google.com/maps/place/%D9%85%D9%88%D9%84+%D8%B4%D8%A7%D9%87%D9%8A%D9%86+%D9%84%D9%84%D9%85%D9%88%D8%A8%D9%84%D9%8A%D8%A7%D8%AA+Shahin+Mall+Furniture%E2%80%AD/data=!4m7!3m6!1s0x14f5c379594bc721:0xbb7fd162640d5862!8m2!3d31.2027415!4d29.8846615!16s%2Fg%2F11fjz80x14!19sChIJIcdLWXnD9RQRYlgNZGLRf7s?authuser=0&hl=en&rclk=1
Mall of Egypt,"El Wahat Rd, First 6th of October, Giza Governorate 3294001",https://www.google.com/maps/place/Mall+of+Egypt/data=!4m7!3m6!1s0x145851ee0be1eec3:0xa5b302adfcac13d1!8m2!3d29.9718413!4d31.0166975!16s%2Fg%2F11g8_2kq5p!19sChIJw-7hC-5RWBQR0ROs_K0Cs6U?authuser=0&hl=en&rclk=1
الفارس للأحذيه والكوتشى,ش 6 عمار ابن ياسر متفرع من ش، أحمد أبو سليمان، Alexandria Governorat,https://www.google.com/maps/place/%D8%A7%D9%84%D9%81%D8%A7%D8%B1%D8%B3+%D9%84%D9%84%D8%A3%D8%AD%D8%B0%D9%8A%D9%87+%D9%88%D8%A7%D9%84%D9%83%D9%88%D8%AA%D8%B4%D9%89%E2%80%AD/data=!4m7!3m6!1s0x14f5dbe070fb4ad3:0x553ab20806e5fb87!8m2!3d31.2365813!4d29.9846259!16s%2Fg%2F11qqf_18kv!19sChIJ00r7cODb9RQRh_vlBgiyOlU?authuser=0&hl=en&rclk=1
Festival carpet,6XQV+Q3X، السيوف قبلي (تشمل عزبة درباÙ،، قسم المنتزه،، Alexandria Governorate 5514077,https://www.google.com/maps/place/Festival+carpet/data=!4m7!3m6!1s0x14f5db18cdc9cacd:0x1c0ea93a52eb131d!8m2!3d31.2394841!4d29.9927197!16s%2Fg%2F11h6sb4791!19sChIJzcrJzRjb9RQRHRPrUjqpDhw?authuser=0&hl=en&rclk=1
Auto oil services,"6XWQ+CQ8، شارع القاسم، السيوف قبلي (تشمل عزبة درباÙ، قسم ثان المنتزة،، Montaza 1, Alexandria Governorat",https://www.google.com/maps/place/Auto+oil+services/data=!4m7!3m6!1s0x14f5db625c3875df:0x3ab540112e249845!8m2!3d31.2460348!4d29.9894425!16s%2Fg%2F11fsz0_tlt!19sChIJ33U4XGLb9RQRRZgkLhFAtTo?authuser=0&hl=en&rclk=1
First Mall,"19-23 Mohammed Darwish El-Deeb, Abu an Nawatir, Sidi Gaber, Alexandria Governorate 5433113",https://www.google.com/maps/place/First+Mall/data=!4m7!3m6!1s0x14f5c5fcd9207cf7:0x5211cf9acbadf3c7!8m2!3d31.2244801!4d29.953377!16s%2Fg%2F11g3xf633j!19sChIJ93wg2fzF9RQRx_Oty5rPEVI?authuser=0&hl=en&rclk=1
القصاص لكماليات السيارات,18 نور الاسلام،، دنا الجديدة وعزبة الوسطان،، قسم الرمل،، Alexandria Governorate 5448405,https://www.google.com/maps/place/%D8%A7%D9%84%D9%82%D8%B5%D8%A7%D8%B5+%D9%84%D9%83%D9%85%D8%A7%D9%84%D9%8A%D8%A7%D8%AA+%D8%A7%D9%84%D8%B3%D9%8A%D8%A7%D8%B1%D8%A7%D8%AA%E2%80%AD/data=!4m7!3m6!1s0x14f5dbd073afc871:0xa85219f8b8a65d8c!8m2!3d31.2317157!4d29.9840587!16s%2Fg%2F11h3_h0pdk!19sChIJccivc9Db9RQRjF2muPgZUqg?authuser=0&hl=en&rclk=1
السهم الذهبى للتجار والتوزيع فرع اسكندريه,"5XVW+7C6, The Ring Rd, Khorshid Al Qebleyah, El Raml 2, Alexandria Governorate 5442022",https://www.google.com/maps/place/%D8%A7%D9%84%D8%B3%D9%87%D9%85+%D8%A7%D9%84%D8%B0%D9%87%D8%A8%D9%89+%D9%84%D9%84%D8%AA%D8%AC%D8%A7%D8%B1+%D9%88%D8%A7%D9%84%D8%AA%D9%88%D8%B2%D9%8A%D8%B9+%D9%81%D8%B1%D8%B9+%D8%A7%D8%B3%D9%83%D9%86%D8%AF%D8%B1%D9%8A%D9%87%E2%80%AD/data=!4m7!3m6!1s0x14f5db3dc4581c07:0xabdf9d34557f3040!8m2!3d31.2011217!4d29.9845092!16s%2Fg%2F11s4z652ry!19sChIJBxxYxD3b9RQRQDB_VTSd36s?authuser=0&hl=en&rclk=1
Woooow girls,"4 Saeed Zou Fekar, Al Qasaei Bahri, El Raml 2, Alexandria Governorate 5450383",https://www.google.com/maps/place/Woooow+girls/data=!4m7!3m6!1s0x14f5db7468ab8473:0xfc65a6f8163db038!8m2!3d31.2432858!4d29.9741699!16s%2Fg%2F11h1_0dryl!19sChIJc4SraHTb9RQROLA9FvimZfw?authuser=0&hl=en&rclk=1
سنتر ابو الفضل للماكينات الخياطة(جاك),"6XRV+C8M، أديب، السيوف قبلي (تشمل عزبة درباÙ، قسم ثان المنتزة،، Montaza 1, Alexandria Governorat",https://www.google.com/maps/place/%D8%B3%D9%86%D8%AA%D8%B1+%D8%A7%D8%A8%D9%88+%D8%A7%D9%84%D9%81%D8%B6%D9%84+%D9%84%D9%84%D9%85%D8%A7%D9%83%D9%8A%D9%86%D8%A7%D8%AA+%D8%A7%D9%84%D8%AE%D9%8A%D8%A7%D8%B7%D8%A9(%D8%AC%D8%A7%D9%83)%E2%80%AD/data=!4m7!3m6!1s0x14f5db166752a8f1:0x4a771a49ff72a8!8m2!3d31.241098!4d29.9933017!16s%2Fg%2F11rqqs5m4r!19sChIJ8ahSZxbb9RQRqHL_SRp3SgA?authuser=0&hl=en&rclk=1
Kiroseiz Mall,9 ش ابراهيم الشريف، شارع القاسم,https://www.google.com/maps/place/Kiroseiz+Mall/data=!4m7!3m6!1s0x14f5c4d003daa58b:0x128c1ed2b68f39ab!8m2!3d31.223278!4d29.948264!16s%2Fg%2F1t_fqp88!19sChIJi6XaA9DE9RQRqzmPttIejBI?authuser=0&hl=en&rclk=1
مكتبة السندباب,25 هارون الرشيد، دنا الجديدة وعزبة الوسطان، قسم الرمل، الإسكندرية،، دنا الجديدة وعزبة الوسطان، قسم الرمل، الإسكندرية،,https://www.google.com/maps/place/%D9%85%D9%83%D8%AA%D8%A8%D8%A9+%D8%A7%D9%84%D8%B3%D9%86%D8%AF%D8%A8%D8%A7%D8%A8%E2%80%AD/data=!4m7!3m6!1s0x14f5dbf3b337332b:0x81d5058383523afd!8m2!3d31.233863!4d29.9850186!16s%2Fg%2F11l57zdjf0!19sChIJKzM3s_Pb9RQR_TpSg4MF1YE?authuser=0&hl=en&rclk=1
سيراميك سويتكو,"6XWF+8PX، جمال عبد الناصر، San Stefano, El Raml 2, Alexandria Governorate 5451106",https://www.google.com/maps/place/%D8%B3%D9%8A%D8%B1%D8%A7%D9%85%D9%8A%D9%83+%D8%B3%D9%88%D9%8A%D8%AA%D9%83%D9%88%E2%80%AD/data=!4m7!3m6!1s0x14f5dacd35e55aeb:0x9ff1371b7a59881b!8m2!3d31.2458651!4d29.9743714!16s%2Fg%2F11cs17qqgh!19sChIJ61rlNc3a9RQRG4hZehs38Z8?authuser=0&hl=en&rclk=1
سوبر ماركت الأعصر,"7278+J5C, Saad Ibn Abi Wakkas, Al Mandarah Qebli, Montaza 2, Alexandria Governorate 5524131",https://www.google.com/maps/place/%D8%B3%D9%88%D8%A8%D8%B1+%D9%85%D8%A7%D8%B1%D9%83%D8%AA+%D8%A7%D9%84%D8%A3%D8%B9%D8%B5%D8%B1%E2%80%AD/data=!4m7!3m6!1s0x14f5db4338b44383:0xa250c813a06dc1ec!8m2!3d31.2642119!4d30.0154239!16s%2Fg%2F11t3g_v827!19sChIJg0O0OEPb9RQR7MFtoBPIUKI?authuser=0&hl=en&rclk=1
مجمع المروه لمستلزمات الملابس,"6XVM+5PF، ميدان الساعة، السيوف قبلي (تشمل عزبة درباÙ، قسم المنتزه،، Montaza 1, Alexandria Governorat",https://www.google.com/maps/place/%D9%85%D8%AC%D9%85%D8%B9+%D8%A7%D9%84%D9%85%D8%B1%D9%88%D9%87+%D9%84%D9%85%D8%B3%D8%AA%D9%84%D8%B2%D9%85%D8%A7%D8%AA+%D8%A7%D9%84%D9%85%D9%84%D8%A7%D8%A8%D8%B3%E2%80%AD/data=!4m7!3m6!1s0x14f5dbada5106d19:0x11ebb9d8fd30a3a2!8m2!3d31.2429378!4d29.9842875!16s%2Fg%2F11gycx_f_7!19sChIJGW0Qpa3b9RQRoqMw_di56xE?authuser=0&hl=en&rclk=1
MM TexTil للأقمشه,شارع ابن سلامه متفرع من مصطفي كامل حي منتزه اول عمارة رقم 1 ، عمارة المستقبل، الإسكندرية،,https://www.google.com/maps/place/MM+TexTil+%D9%84%D9%84%D8%A3%D9%82%D9%85%D8%B4%D9%87%E2%80%AD/data=!4m7!3m6!1s0x14f5dbade2db20bb:0xd879ebbcd5c3a88f!8m2!3d31.2467793!4d29.9870454!16s%2Fg%2F11fn6y46pd!19sChIJuyDb4q3b9RQRj6jD1bzredg?authuser=0&hl=en&rclk=1
بازار ابو جومانه,5شارع,https://www.google.com/maps/place/%D8%A8%D8%A7%D8%B2%D8%A7%D8%B1+%D8%A7%D8%A8%D9%88+%D8%AC%D9%88%D9%85%D8%A7%D9%86%D9%87%E2%80%AD/data=!4m7!3m6!1s0x14f5db53284802bf:0xbd5eb101d257351f!8m2!3d31.2411313!4d29.977761!16s%2Fg%2F11lgk8jrqr!19sChIJvwJIKFPb9RQRHzVX0gGxXr0?authuser=0&hl=en&rclk=1
